ID,FirstName,LastName,JobTitle
100251,Mary,Stack,Systems Analyst
100252,James,Array,Business Analyst
100253,William,String,Systems Engineer
100254,Paul,Integer,Solutions Architect
100255,Anna,Short,E-Commerce Analyst
100256,Dennis,Long,Technical Engineer
100257,Paige,Float,Technical Developer
100258,Scott,Double,Portal Administrator
100259,Abby,Boolean,Programmer Analyst
100260,George,Compiler,Network Analyst
100261,Rhonda,Interpreter,Wireless Engineer
100262,Ronald,Coding,Business Continuity Analyst
100263,Samantha,Cyber,Functional Analyst
100264,Shane,Hex,Database Administrator
100265,Chelsea,Decimal,Software Developer
100266,Owen,Java,Telecommunications Manager
100267,Robin,Python,Network Security Administrator
100268,Anthony,Sharp,Project Manager
100269,Charlotte,Script,Database Developer
100270,Wilfred,Query,Data Modeler
100271,Roxanne,List,Applications Developer
100272,Brett,Object,Technical Support
100273,Sally,Node,Applications Architect
100274,Yusuf,Server,Software Engineer
100275,William,Network,Quality Assurance Associate